{"Fid":"fHZaA0BzT5GHt84LSP2t5V","Status":3,"AuthToken":"eyJhbGciOiJFUzI1NiIsInR5cCI6IkpXVCJ9.eyJhcHBJZCI6IjE6MzU0ODAwNjQ1MzI5OmFuZHJvaWQ6NGM2NjY0NGY4NDc1MTUwYiIsImV4cCI6MTc1MzQ2MzYxOCwiZmlkIjoiZkhaYUEwQnpUNUdIdDg0TFNQMnQ1ViIsInByb2plY3ROdW1iZXIiOjM1NDgwMDY0NTMyOX0.AB2LPV8wRgIhAPDn4O4iCaipoT9U6dOja4w6uQiJaKKRqP_nf9EbU6dYAiEAnUeDsTrfmZdmy1wRsBN3NeVPJ9auzsC0SXoaH6Pw0iw","RefreshToken":"3_AS3qfwL7BdkgXUVsZkkCMXZu9yFvLvzBhvMFbGEknIvhIYN3adxjxFCxpP7ayymGSVkaRAlBY87yIbX4gE2ODaX8giJvh7J2nfK0J_cXNtdqlAg","TokenCreationEpochInSecs":1752858818,"ExpiresInSecs":604800}