<?xml version='1.0' encoding='utf-8' standalone='yes' ?>
<map>
    <long name="DownloadDisplayMessageMillis" value="1752858869522" />
    <boolean name="shouldDownloadToSDCard" value="false" />
    <long name="LastLicenseMarkSyncMillis" value="1752873269523" />
    <boolean name="firstAppStartWithoutUser" value="false" />
    <long name="SyncPlayerSdkDownloadMillis" value="1752873269976" />
    <long name="RetryDisabledDownloadSyncMillis" value="1752858869522" />
    <long name="SyncPlayerSdkErrorStateMillis" value="1752858869522" />
    <boolean name="shouldSubscribeToAllTopics" value="false" />
    <long name="LastLicenseSyncMillis" value="1752858869522" />
    <boolean name="bg_startup_tracing" value="false" />
    <long name="RefreshMetadataSyncTTLMillis" value="1753463669976" />
    <long name="QueueDownloadSyncMills" value="1752858869522" />
    <long name="com.amazon.communication.remotesetting.pref.LAST_SUCCESSFUL_SYNC" value="1752858868412" />
    <string name="PN_customer_vcr">TH</string>
    <long name="DeleteDownloadSyncMillis" value="1752858869522" />
    <string name="PN_subscription_prefs">[{&quot;topic&quot;:&quot;AIV_video_in_library&quot;,&quot;isSubscribed&quot;:false},{&quot;topic&quot;:&quot;AIV_video_recommendations&quot;,&quot;isSubscribed&quot;:false},{&quot;topic&quot;:&quot;AIV_new_feature&quot;,&quot;isSubscribed&quot;:false},{&quot;topic&quot;:&quot;AIV_offer&quot;,&quot;isSubscribed&quot;:false}]</string>
    <boolean name="auto_play_enabled" value="true" />
    <long name="LastLicenseRepairMillis" value="1752858869522" />
    <long name="DisabledDownloadSyncMillis" value="1752858869522" />
    <long name="com.amazon.communication.remotesetting.pref.LAST_SYNC_ATTEMPT" value="1752858868412" />
    <string name="PN_customer_id">amzn1.account.AE7UNV3ZIHOWUQRG5EPVJ5E6WGQQ</string>
    <long name="LastImagesDownloadSyncMillis" value="1752873269976" />
</map>
