<?xml version='1.0' encoding='utf-8' standalone='yes' ?>
<map>
    <long name="DownloadDisplayMessageMillis" value="1757879089842" />
    <boolean name="firstAppStartWithUser" value="false" />
    <boolean name="shouldDownloadToSDCard" value="false" />
    <long name="LastLicenseMarkSyncMillis" value="1758659676509" />
    <boolean name="firstAppStartWithoutUser" value="false" />
    <long name="SyncPlayerSdkDownloadMillis" value="1758659676956" />
    <long name="RetryDisabledDownloadSyncMillis" value="1757879089842" />
    <long name="SyncPlayerSdkErrorStateMillis" value="1757879089842" />
    <boolean name="shouldSubscribeToAllTopics" value="false" />
    <long name="LastLicenseSyncMillis" value="1757879089842" />
    <boolean name="bg_startup_tracing" value="false" />
    <long name="RefreshMetadataSyncTTLMillis" value="1759250076955" />
    <long name="QueueDownloadSyncMills" value="1757879089842" />
    <long name="com.amazon.communication.remotesetting.pref.LAST_SUCCESSFUL_SYNC" value="1758645272016" />
    <string name="PN_customer_vcr">IN</string>
    <long name="DeleteDownloadSyncMillis" value="1757879089842" />
    <string name="PN_subscription_prefs">[{&quot;topic&quot;:&quot;AIV_video_in_library&quot;,&quot;isSubscribed&quot;:false},{&quot;topic&quot;:&quot;AIV_video_recommendations&quot;,&quot;isSubscribed&quot;:false},{&quot;topic&quot;:&quot;AIV_new_feature&quot;,&quot;isSubscribed&quot;:false},{&quot;topic&quot;:&quot;AIV_offer&quot;,&quot;isSubscribed&quot;:false}]</string>
    <long name="LastLicenseRepairMillis" value="1757879089842" />
    <long name="DisabledDownloadSyncMillis" value="1757879089842" />
    <long name="com.amazon.communication.remotesetting.pref.LAST_SYNC_ATTEMPT" value="1758645272016" />
    <string name="PN_customer_id">amzn1.account.AH5HMPBJ26SM4EHVBFVFEYPHSZHQ</string>
    <long name="LastImagesDownloadSyncMillis" value="1758659676955" />
</map>
